Abbesses = Abbesses
Ablon = Ablon
Achères Grand Cormier = Achères Grand Cormier
Achères Ville = Achères Ville
Adrienne Bolland = Adrienne Bolland
Aéroport CDG 1 (Terminal 3) = Aér. CDG 1 (T3)
Aéroport CDG2 Parc Pro = Aér. CDG2 Parc Pro
Aéroport Charles de Gaulle 1 (Terminal 1) = CDG 1 (T1)
Aéroport Charles de Gaulle 1 (Terminal 3) = CDG 1 (T3)
Aéroport Charles de Gaulle 2 (Terminal 2) = CDG 2 (T2)
Aéroport d'Orly = Aér. d'Orly
Aéroport Orly 1-2-3 (Terminal Ouest) = Aér. Orly 1-2-3 (T Ouest)
Aéroport Orly 4 (Terminal Sud) = Aér. Orly 4 (T Sud)
Aérospatiale = Aérospatiale
Alcide d'Orbigny = Alcide d'Orbigny
Alésia = Alésia
Alexandra David-Neel = Alexandra David-Neel
Alexandre-Dumas = Alexandre-Dumas
Alfortville Gare de Maisons = Alfortville Gare de Maisons
Allée de la Tour-Rendez-vous = Allée de la Tr. RDV.
Allée Royale = Allée Royale
Alma-Marceau = Alma-Marceau
Ambroise Croizat = Ambroise Croizat
Amédée Gordini = Amédée Gordini
Anatole-France = Anatole-France
André Malraux = André Malraux
Andrésy = Andrésy
Angélique Compoint - Porte de Montmartre = A. Compoint - Pte de Mont.
Angerville = Angerville
Antony = Antony
Anvers = Anvers
Arboretum = Arboretum
Arcueil - Cachan = Arcueil - Cachan
Argenteuil = Argenteuil
Argentine = Argentine
Aristide Briand = Aristide Briand
Arpajon = Arpajon
Arquebuse = Arquebuse
Arquebuse / La Poste = Arquebuse / La Poste
Arts-et-Métiers = Arts-et-Métiers
Asnieres - Quatre Routes = Asnieres - Quatre Routes
Asnières-Gennevilliers Les Courtilles = Asnières-Genn. Les Court.
Asnières-sur-Seine = Asnières-sur-S.
Assemblée Nationale = Assemblée Nationale
Athis Mons = Athis Mons
Athis-Mons = Athis-Mons
Atrium = Atrium
Auber = Auber
Aubergenville Élisabethville = Aubergenville Élisab.
Aubervilliers Pantin (4 Chemins) = Aubervilliers Pantin (4 Chemins)
Auguste Delaune = Auguste Delaune
Auguste Perret (Cimetière Parisien) = Auguste Perret (Cimetière Parisien)
Aulnay-sous-Bois = Aulnay-sous-Bois
Auneau = Auneau
Auvers-sur-Oise = Auvers-sur-O.
Av du Général Leclerc = Av du Général Leclerc
Avenue de France = Avenue de France
Avenue de Gaumont = Avenue de Gaumont
Avenue du Président Kennedy Maison de Radio France = Av. du Pr. Kennedy Maison de Radio France
Avenue Emile-Zola = Avenue Emile-Zola
Avenue Foch = Avenue Foch
Avenue Henri Martin = Avenue Henri Martin
Avron = Avron
Bagneaux-sur-Loing = Bagneaux-s-Loing
Bagneux = Bagneux
Bailly = Bailly
Balard = Balard
Ballancourt = Ballancourt
Balzac = Balzac
Barbès-Rochechouart = Barbès-Rochechouart
Baron le Roy = Baron le Roy
Basilique de Saint-Denis = Basilique de St-Denis
Bastille = Bastille
Baudelaire = Baudelaire
Beauséjour = Beauséjour
Beauvais = Beauvais
Bécon les Bruyères = Bécon les Bruyères
Bel-Air = Bel-Air
Belleville = Belleville
Bellevue = Bellevue
Belloy - Saint-Martin = Belloy - St-Martin
Belvédère = Belvédère
Bérault = Bérault
Bercy = Bercy
Bessancourt = Bessancourt
Beynes = Beynes
Bibliothèque Chevaleret = Bibliothèque Chevaleret
Bibliothèque François Mitterrand = Bibliothèque F. Mitterrand
Bibliothèque-François Mitterrand = Bibliothèque-F. Mitterrand
Bièvres = Bièvres
Billancourt = Billancourt
Bir-Hakeim (Grenelle) = Bir-Hakeim (Grenelle)
Blanche = Blanche
Blazy = Blazy
Blumenthal = Blumenthal
Bobigny - Pablo Picasso = Bobigny - P. Picasso
Bobigny-Pablo-Picasso = Bobigny-P.-Picasso
Bobigny-Pantin (Raymond Queneau) = Bobigny-Pantin (R. Queneau)
Boigneville = Boigneville
Bois Briard = Bois Briard
Bois de Saint-Eutrope = Bois de St-Eutrope
Bois-Colombes = Bois-Colombes
Bois-le-Roi = Bois-le-Roi
Boissière = Boissière
Boissise-le-Roi = Boissise-le-Roi
Boissy-l'Aillerie = Boissy-l'Aillerie
Boissy-Saint-Léger = Boissy-St-Léger
Bolivar = Bolivar
Bondy = Bondy
Bonne Nouvelle = Bonne Nouvelle
Bonneval = Bonneval
Bonnières = Bonnières
Boran-sur-Oise = Boran-sur-O.
Botzaris = Botzaris
Boucicaut = Boucicaut
Bouffémont - Moisselles = Bouffémont - Moisselles
Bougival = Bougival
Boulainvilliers = Boulainvilliers
Boulevard Thiers / Thun le Paradis = Bv. Thiers / Thun le Paradis
Boulogne Pont de Saint-Cloud = Boulogne Pont de St-Cloud
Boulogne-Jean-Jaurès = Boulogne-Jean-Jaurès
Bouray = Bouray
Bourg-la-Reine = Bourg-la-Reine
Bourron-Marlotte - Grez = Bourron-Marlotte - Grez
Bourse = Bourse
Boussy Saint Antoine = Boussy St Antoine
Boussy Saint-Antoine = Boussy St-Antoine
Boussy-Saint-Antoine = Boussy-St-Antoine
Boutigny = Boutigny
Brancion = Brancion
Bréguet-Sabin = Bréguet-Sabin
Bretagne = Bretagne
Brétigny = Brétigny
Breuillet - Bruyères-le-Châtel = Breuillet - Bruyères-le-Châtel
Breuillet Village = Breuillet Village
Bréval = Bréval
Brimborion = Brimborion
Brochant = Brochant
Brunoy = Brunoy
Brunoy (Gare) = Brunoy (Gare)
Bruyères-sur-Oise = Bruyères-sur-O.
Bry-sur-Marne = Bry-sur-Marne
Bueil = Bueil
Buno - Gironville = Buno - Gironville
Bures-sur-Yvettes = Bures-sur-Yvettes
Bussy-Saint-Georges = Bussy-St-Georges
Butte du Chapeau Rouge = Butte du Chapeau Rouge
Butte Pinson (Parc Régional) = Butte Pinson (Parc Régional)
Buttes-Chaumont = Buttes-Chaumont
Buzenval = Buzenval
Cabane Noire / Montévrain = Cabane Noire / Montévrain
Cacao Barry / Meulan Hardricourt = Cacao Barry / Meulan Hardricourt
Cadet = Cadet
Calmette / Gare de Mantes Station = Calmette / Gare de Mantes Station
Cambronne = Cambronne
Camp des loges = Camp des loges
Campo-Formio = Campo-Formio
Canal Saint-Denis = Canal St-Denis
Cardinal-Lemoine = Cardinal-Lemoine
Cargo Centre = Cargo Centre
Caroline Aigle (Orlyfret) = Caroline Aigle (Orlyfret)
Carrefour du 18 juin 1940 = Carrefour du 18 juin 1940
Carrefour-Pleyel = Carrefour-Pleyel
Carrières sous Poissy / 3 Tours = Carrières sous Poissy / 3 Tours
Carrières-sous-Poissy / 3 Tours = Carrières-sous-Poissy / 3 Tours
Censier-Daubenton = Censier-Daubenton
Centre de Châtillon = Centre de Châtillon
Cergy le Haut = Cergy le Haut
Cergy Le Haut (Gare) = Cergy Le Haut (Gare)
Cergy Préfecture = Cergy Préfecture
Cergy Saint-Christophe = Cergy St-Christophe
Cernay = Cernay
César = César
Cesson = Cesson
Cesson Gare = Cesson Gare
Chamarande = Chamarande
Champ de Courses d'Enghien = Ch. Courses d'Enghien
Champ de Mars = Champ de Mars
Champ de Mars Tour Eiffel = Ch. de Mars Tr. Eiffel
Champagne-sur-Oise = Champagne-sur-O.
Champagne-sur-Seine = Champagne-sur-Seine
Champbenoist Poigny = Champbenoist Poigny
Champgoulin = Champgoulin
Champigny = Champigny
Champigny-sur-Yonne = Champigny-sur-Yonne
Champlan = Champlan
Champs Elysées - Grand Bourg = Champs Elysées - Grand Bourg
Champs-Elysées-Clémenceau = Champs-Elysées-Clémenceau
Changis - Saint-Jean = Changis - St-Jean
Chanteloup-les-Vignes = Chanteloup-les-Vignes
Chantilly - Gouvieux = Chantilly - Gouvieux
Chaponval = Chaponval
Chardon-Lagache = Chardon-Lagache
Charenton-Ecoles = Charenton-Ecoles
Charlebourg = Charlebourg
Charles de Gaulle - Etoile = C. de Gaulle - Etoile
Charles de Gaulle - Etoile - Friedland = C. de Gaulle - Etoile - Friedland
Charles de Gaulle-Etoile = C. de Gaulle-Etoile
Charles Michels = Charles Michels
Charles-de-Gaulle Étoile = C.-de-Gaulle Étoile
Charonne = Charonne
Chars = Chars
Chartres = Chartres
Chartrettes = Chartrettes
Château = Château
Château d'eau = Château d'eau
Château de Vincennes = Ch. de Vincennes
Château Landon = Château Landon
Château Rouge = Château Rouge
Château-Thierry = Château-Thierry
Châteaudun = Châteaudun
Châtelet = Châtelet
Châtelet - Les Halles = Ch. - Les Halles
Châtelet Les Halles = Ch. Les Halles
Châtillon-Montrouge = Châtillon-Montrouge
Chatou - Croissy = Chatou - Croissy
Chauffry = Chauffry
Chaumont-en-Vexin = Chaumont-en-Vexin
Chaussée d'Antin (La Fayette) = Ch. d'Antin (La Fayette)
Chaville - Vélizy = Chaville - Vélizy
Chaville Rive Droite = Chaville RD
Chaville Rive Gauche = Chaville RG
Chelles - Gournay = Chelles - Gournay
Chelles - Gournay RER = Chelles - Gournay RER
Chelles Gournay RER / Gasnier Guy = Chelles Gournay RER / Gasnier Guy
Chemin d'Antony = Chemin d'Antony
Chemin des Reniers = Chemin des Reniers
Chemin Vert = Chemin Vert
Chessy / Mairie = Chessy / Mairie
Chessy Nord - Quai F = Chessy Nord - Quai F
Chessy Nord - Quai G = Chessy Nord - Quai G
Chevaleret = Chevaleret
Chézy-sur-Marne = Chézy-sur-Marne
Chilly-Mazarin = Chilly-Mazarin
Choisy le Roi / Rouget de Lisle = Ch. le Roi / Rouget de Lisle
Choisy-le-Roi = Choisy-le-Roi
Cimetière = Cimetière
Cité = Cité
Cité Universitaire = Cité Universitaire
Clamart = Clamart
Clichy - Levallois = Clichy - Levallois
Clichy - Montfermeil = Clichy - Montfermeil
Clichy-sous-Bois - Mairie = Clichy-sous-Bois - Mairie
Clos Normand = Clos Normand
Cluny-La Sorbonne = Cluny-La Sorbonne
Coeur d'Orly = Coeur d'Orly
Coignières = Coignières
Colette Besson = Colette Besson
Collège du Segrais = Collège du Segrais
Collège Jean Monnet = Collège Jean Monnet
Colombes = Colombes
Colonel Fabien = Colonel Fabien
Combs la Ville Quincy = Combs la Ville Q.
Combs-la-Ville - Quincy = Combs-la-Ville - Q.
Commerce = Commerce
Compans = Compans
Concorde = Concorde
Conflans Fin d'Oise = Conflans Fin d'Oise
Conflans Sainte-Honorine = Conflans Ste-Honorine
Conflans-Sainte-Honorine = Conflans-Ste-Honorine
Conseil Départemental / Conseil Général = Conseil Dép. / Conseil Général
Conservatoire / Essonnes Robinson = Conservatoire / Essonnes Robinson
Convention = Convention
Corbeil-Essonnes = Corbeil-Essonnes
Corentin-Cariou = Corentin-Cariou
Corentin-Celton = Corentin-Celton
Cormeilles-en-Parisis = Cormeilles-en-Parisis
Corvisart = Corvisart
Cosmonautes = Cosmonautes
Coteaux de l'Orge = Coteaux de l'Orge
Couilly - Saint-Germain - Quincy = Couilly - St-Germain - Quincy
Coulommiers = Coulommiers
Cour Saint-Emilion = Cour St-Emilion
Courbevoie = Courbevoie
Courcelle-sur-Yvette = Courcelle-sur-Yvette
Courcelles = Courcelles
Couronnes = Couronnes
Cours des Lacs = Cours des Lacs
Crécy-la-Chapelle = Crécy-la-Chapelle
Creil = Creil
Crépy-en-Valois = Crépy-en-Valois
Créteil Pompadour = Créteil Pompadour
Créteil-L'Echat (Hôpital Henri Mondor) = Créteil-L'Echat (H. Henri Mondor)
Créteil-L'Échat (Hôpital Henri Mondor) = Créteil-L'Échat (H. Henri Mondor)
Créteil-Préfecture (Hôtel de Ville) = Créteil-Préfecture (Hôtel de Ville)
Créteil-Université = Créteil-Université
Crimée = Crimée
Croix-de-Chavaux (Jacques Duclos) = Croix-de-Chavaux (Jacques Duclos)
Crouy-sur-Ourcq = Crouy-sur-Ourcq
Cygne d'Enghien - Joffre = Cygne d'Enghien - Joffre
Dammartin - Juilly - Saint-Mard = Dammartin - Juilly - St-Mard
Danton = Danton
Danube = Danube
Daumesnil = Daumesnil
Daumesnil (Félix Eboué) = Daumesnil (F. Eboué)
Delaunay-Belleville = Delaunay-Belleville
Delphine Seyrig = Delphine Seyrig
Denfert-Rochereau = Denfert-Rochereau
Desnouettes = Desnouettes
Deuil - Montmagny = Deuil - Montmagny
Dewoitine = Dewoitine
Diane Arbus - Porte des Poissonniers = D. Arbus - Pte des Poissonniers
Didot = Didot
Division Leclerc = Division Leclerc
Divison Leclerc = Divison Leclerc
Domaine Chérioux = Domaine Chérioux
Domont = Domont
Dordives = Dordives
Dourdan = Dourdan
Dourdan la Forêt = Dourdan la Forêt
Drancy = Drancy
Drancy - Avenir = Drancy - Avenir
Dreux = Dreux
Dugny - La Courneuve = Dugny - La Courneuve
Dugommier = Dugommier
Dupleix = Dupleix
Duroc = Duroc
Ecole Militaire = Ecole Militaire
Ecole Vétérinaire de Maisons-Alfort = Ecole Vét. de Maisons-Alfort
Écouen - Ézanville = Écouen - Ézanville
Edgar-Quinet = Edgar-Quinet
Edouard Branly / Pierre Edouard = Edouard Branly / P. Edouard
Eglise = Eglise
Église = Église
Eglise / Collégien = Eglise / Collégien
Eglise d'Auteuil = Eglise d'Auteuil
Eglise de Pantin = Eglise de Pantin
Égly = Égly
Ella Fitzgerald - Grands Moulins de Pantin = Ella Fitzgerald - Gr. Moulins de Pantin
Émerainville - Pontault-Combault = Émerainville - Pontault-Combault
Enghien-les-Bains = Enghien-les-Bains
Épernon = Épernon
Épinay - Orgemont = Épinay - Orgemont
Épinay - Villetaneuse = Épinay - Villetaneuse
Épinay-sur-Orge = Épinay-sur-Orge
Épinay-sur-Seine = Épinay-sur-Seine
Épinay-sur-Seine - Gare = Épinay-sur-Seine - Gare
Epinettes - Pouchet = Epinettes - Pouchet
Épluches = Épluches
Épône - Mézières = Épône - Mézières
Éragny - Neuville = Éragny - Neuville
Éragny Gare SNCF - Noctilien = Éragny Gare SNCF - Noctilien
Ermont - Eaubonne = Ermont - Eaubonne
Ermont Eaubonne = Ermont Eaubonne
Ermont Halte = Ermont Halte
Esbly = Esbly
Esbly / Mairie = Esbly / Mairie
Esbly / Place de l'Europe = Esbly / Place de l'Europe
Escadrille Normandie-Niemen = Escadrille Normandie-Niemen
Espace V = Espace V
Esplanade de la Défense = Espl. de la Défense
Essonnes Robinson = Essonnes Robinson
Étampes = Étampes
Etienne Marcel = Etienne Marcel
Étigny - Véron = Étigny - Véron
Étréchy = Étréchy
Europe = Europe
Europe / Courbevoie-Bécon = Europe / Courbevoie-Bécon
Eustache Lenoir = Eustache Lenoir
Évreux Normandie = Évreux Normandie
Évry = Évry
Évry - Courcouronnes = Évry - Courc.
Évry Courcouronnes = Évry Courc.
Exelmans = Exelmans
Faidherbe-Chaligny = Faidherbe-Chaligny
Faisanderie = Faisanderie
Falguière = Falguière
Farcy = Farcy
Faremoutiers - Pommeuse = Faremoutiers - Pommeuse
Faubourg de l'Arche = Faubourg de l'Arche
Félix Faure = Félix Faure
Fer à Cheval = Fer à Cheval
Fer à Cheval / Gaston Viens = Fer à Cheval / Gaston Viens
Ferme Neuve = Ferme Neuve
Ferrières - Fontenay = Ferrières - Fontenay
Filles du Calvaire = Filles du Calvaire
Foch / Paix Notre Dame = Foch / Paix Notre Dame
Foch Pasteur / Maurecourt = Foch Pasteur / Maurecourt
Fontaine Michalon = Fontaine Michalon
Fontaine-le-Port = Fontaine-le-Port
Fontainebleau - Avon = Fontainebleau - Avon
Fontenay-aux-Roses = Fontenay-aux-Roses
Fontenay-le-Fleury = Fontenay-le-Fleury
Fontenay-sous-Bois = Fontenay-sous-Bois
Fort d'Aubervilliers = Fort d'Aubervilliers
Fourchette de Bry = Fourchette de Bry
Fourqueux - Bel Air = Fourqueux - Bel Air
Foyer des Bruyères = Foyer des Bruyères
Franche-Comté Bourgogne = Franche-Comté Bourgogne
Franconville - Le Plessis-Bouchard = Franconville - Le Plessis-Bouch.
Franconville le Plessis Bouchard = Franconville le Plessis Bouch.
Franklin-Roosevelt = Franklin-Roosevelt
Freinville Sevran = Freinville Sevran
Freinville Westinghouse = Freinville Westinghouse
Frépillon = Frépillon
Friedberg = Friedberg
Front Populaire = Front Populaire
Gabriel Péri / Viroflay Rive Gauche = Gabriel Péri / Viroflay RG
Gabriel-Péri = Gabriel-Péri
Gagny = Gagny
Gaîté = Gaîté
Gallieni (Parc de Bagnolet) = Gallieni (Parc de Bagnolet)
Gambetta = Gambetta
Garancières - La Queue = Garancières - La Queue
Garches - Marnes-la-Coquette = Garches - Marnes-la-Coquette
Garches-Sarcelles RER = Garches-Sarcelles RER
Gare = Gare
Gare - Hôtel de Ville = Gare - Hôtel de Ville
Gare d'Ablon = Gare d'Ablon
Gare d'Argenteuil = Gare d'Argenteuil
Gare d'Austerlitz = Gare d'Austerlitz
Gare d'Austerlitz - Cour Seine = Austerlitz - Cour Seine
Gare d'Ecouen Ezanville = Ecouen Ezanville
Gare d'Enghien-les-Bains = Enghien-les-Bains
Gare d'Ermont-Eaubonne = Ermont-Eaubonne
Gare d'Essonnes Robinson = Essonnes Robinson
Gare d'Étampes = Étampes
Gare d'Evry Courcouronnes Centre (niveau 0) = Evry Courcouronnes Ctre
Gare d'Igny = Igny
Gare d'Issou = Issou
Gare d'Orly-Ville = Orly-Ville
Gare de Bagneaux-sur-Loing = Bagneaux-s-Loing
Gare de Ballancourt = Ballancourt
Gare de Bellevue = Bellevue
Gare de Belloy Saint-Martin = Belloy St-Martin
Gare de Bessancourt = Bessancourt
Gare de Beynes = Beynes
Gare de Bièvres = Bièvres
Gare de Blanc-Mesnil = Blanc-Mesnil
Gare de Bois le Roi = Bois le Roi
Gare de Bois-Colombes = Bois-Colombes
Gare de Bouffémont Moisselles = Bouffémont Moisselles
Gare de Bougival = Bougival
Gare de Bourron-Marlotte Grez = Bourron-Marlotte Grez
Gare de Bussy-Saint-Georges = Bussy-St-Georges
Gare de Cergy Préfecture (C) = Cergy Préfecture (C)
Gare de Cergy Préfecture (E) = Cergy Préfecture (E)
Gare de Cernay = Cernay
Gare de Champ de Courses d'Enghien = Ch. Courses d'Enghien
Gare de Champagne-sur-Seine = Champagne-S.-Seine
Gare de Chanteloup les Vignes = Chanteloup les Vignes
Gare de Chanteloup-les-Vignes = Chanteloup-les-Vignes
Gare de Chartrettes = Gare de Chartrettes
Gare de Chaville Rive Gauche = Chaville Rive Gauche
Gare de Chelles Gournay = Chelles Gournay
Gare de Chilly-Mazarin = Chilly-Mazarin
Gare de Clichy - Levallois = Clichy - Levallois
Gare de Conflans Fin d'Oise = Conflans Fin d'Oise
Gare de Cormeilles - Place Semard = Cormeilles - Place Semard
Gare de Couilly St Germain Quincy = Couilly St Germain Q.
Gare de Courbevoie = Courbevoie
Gare de Crouy sur Ourcq = Crouy sur Ourcq
Gare de Dammartin Juilly Saint Mard = Dammartin Juilly St Mard
Gare de Deuil - Montmagny = Deuil - Montmagny
Gare de Deuil-Montmagny = Deuil-Montmagny
Gare de Domont = Domont
Gare de Drancy = Drancy
Gare de Dugny La Courneuve = Dugny La Courneuve
Gare de Ferrières Fontenay = Ferrières Fontenay
Gare de Fontaine le Port = Gare de Fontaine le Port
Gare de Gagny = Gagny
Gare de Garancières la Queue = Garancières la Qu.
Gare de Garches - Marnes-La-Coquette = Gare de Garches - M-La-Coquette
Gare de Gennevilliers = Gennevilliers
Gare de Grigny Centre = Grigny Centre
Gare de l'est = Gare de l'est
Gare de l'Est (Verdun) = Gare de l'Est (Verdun)
Gare de La Ferté Alais = La Ferté Alais
Gare de la Garenne-Colombes = La Garenne-Colombes
Gare de Liesse - Quai A = Gare de Liesse - Quai A
Gare de Liesse - Quai F = Gare de Liesse - Quai F
Gare de Lieusaint - Moissy = Lieusaint - Moissy
Gare de Lieusaint Moissy = Lieusaint Moissy
Gare de Limay = Limay
Gare de Longueville = Longueville
Gare de Luzarches = Luzarches
Gare de Lyon = Gare de Lyon
Gare de Maisons Alfort Alfortville = M. Alfort Alfortville
Gare de Mantes-la-Jolie - Quai 8 = Mantes-la-Jolie - Quai 8
Gare de Marly-Le-Roi - Parvis = Marly-Le-Roi - Parvis
Gare de Massy Palaiseau = Massy Palaiseau
Gare de Maurecourt = Maurecourt
Gare de Melun = Melun
Gare de Mennecy Rue de l'Abreuvoir = Mennecy Rue de l'Abreuvoir
Gare de Mériel = Gare de Mériel
Gare de Montereau Quai 9 = Montereau Quai 9
Gare de Montigny Beauchamp = Montigny Beauchamp
Gare de Montreuil = Montreuil
Gare de Montry-Condé = Montry-Condé
Gare de Montsoult-Maffliers = Montsoult-Maffliers
Gare de Moulin Galant = Moulin Galant
Gare de Noisy-le-Sec = Noisy-le-Sec
Gare de Persan Beaumont = Persan Beaumont
Gare de Pierrelaye = Pierrelaye
Gare de Plaisir - Grignon = Plaisir - Grignon
Gare de Poissy = Poissy
Gare de Pontault (Place Beilstein) = Pontault (Place Beilstein)
Gare de Rambouillet = Rambouillet
Gare de Saint-Cloud = St-Cloud
Gare de Saint-Denis = St-Denis
Gare de Sannois = Sannois
Gare de Savigny-sur-Orge = Savigny-sur-Orge
Gare de Sermaise = Sermaise
Gare de Sevran-Livry Sud = Sevran-Livry Sud
Gare de Sèvres - Ville d'Avray Rive Droite = Sèvres - Ville d'Avray RD
Gare de Taverny = Taverny
Gare de Torcy = Torcy
Gare de Tournan en Brie = Tournan en Brie
Gare de Tournan-en-Brie (Côté guichet) = Tournan-en-Brie (Côté guichet)
Gare de Triel sur Seine = Triel sur Seine
Gare de Triel-sur-Seine = Triel-sur-Seine
Gare de Vaires Torcy = Vaires Torcy
Gare de Val de Fontenay = Val de Fontenay
Gare de Val Fleury = Val Fleury
Gare de Vauboyen = Vauboyen
Gare de Vaux sur Seine = Vaux sur Seine
Gare de Verneuil-l'Etang = Verneuil-l'Etang
Gare de Vernouillet Verneuil = Vernouillet Verneuil
Gare de Versailles Rive Gauche = Versailles RG
Gare de Villabé = Villabé
Gare de Villeneuve-le-Roi = Villeneuve-le-Roi
Gare de Villeneuve-Saint-Georges = Villeneuve-St-Georges
Gare de Villennes-sur-Seine = Villennes-sur-Seine
Gare de Villiers Montbarbin = Villiers Montbarbin
Gare de Villiers-sur-Marne = Villiers-sur-Marne
Gare de Villiers-sur-Marne - Le Plessis-Trévise = Villiers-sur-M. - Le Pl.-Trévise
Gare de Viry-Châtillon = Viry-Châtillon
Gare des Clairières de Verneuil = Clairières de Verneuil
Gare des Mureaux (A1) = Gare des Mureaux (A1)
Gare des Mureaux (A3) = Gare des Mureaux (A3)
Gare des Mureaux (D3) = Gare des Mureaux (D3)
Gare du Blanc-Mesnil = Gare du Blanc-Mesnil
Gare du Bras de Fer Evry Génopole = Gare du Bras de Fer Evry Génopole
Gare du Mont-Valérien = Gare du Mont-Valérien
Gare du Nord = Gare du Nord
Gare du Petit-Jouy - Les Loges = Gare du Petit-Jouy - Les Loges
Gare du Raincy Villemomble Montfermeil = Gare du Raincy Villemomble Montfermeil
Gare du Vert Galant = Gare du Vert Galant
Gare Montparnasse = Gare Montp.
Gare Ponthierry-Pringy = Gare Ponthierry-Pringy
Gare Routière Bonnières = Gare Routière Bonnières
Gare Routière Seine = Gare Routière Seine
Gare SNCF = Gare SNCF
Gargan = Gargan
Gargenville = Gargenville
Garges - Sarcelles = Garges - Sarcelles
Garibaldi = Garibaldi
Gaston Roulaud = Gaston Roulaud
Gazeran = Gazeran
Gazeran Buissonnet = Gazeran Buissonnet
Gennevilliers = Gennevilliers
Gentilly = Gentilly
George V = George V
Georges Brassens = G. Brassens
Georges Demésy = G. Demésy
Georges Millandy = G. Millandy
Georges Pompidou = G. Pompidou
Gif-sur-Yvette = Gif-sur-Yvette
Gilbert Bonnemaison = Gilbert Bonnemaison
Gilbert Bonnemaison / Epinay sur Seine = G. Bonnemaison / Epinay sur S.
Girardin = Girardin
Gisors = Gisors
Glacière = Glacière
Goncourt (Hôpital Saint-Louis) = Goncourt (H. St-Louis)
Goussainville = Goussainville
Grâce de Dieu = Grâce de Dieu
Grand Bourg = Grand Bourg
Grand Cerf = Grand Cerf
Grand-Cerf = Grand-Cerf
Grands Boulevards = Grands Boulevards
Gravigny Balizy = Gravigny Balizy
Gretz-Armainvilliers = Gretz-Armainvill.
Grigny Centre = Grigny Centre
Gros Noyer Saint-Prix = Gros Noyer St-Prix
Groslay = Groslay
Groupe Scolaire Pasteur = Groupe Scolaire Pasteur
Guérard - La Celle-sur-Morin = Guérard - La Celle-sur-Morin
Guillerval = Guillerval
Guy-Môquet = Guy-Môquet
Guynemer (Stade Auguste Delaune) = Guynemer (St. A. Delaune)
Halte de Chaponval = Halte de Chaponval
Haussmann Saint-Lazare = Haussmann St-Lazare
Havre-Caumartin = Havre-Caumartin
Hélène Boucher (Orlytech) = Hélène Boucher (Orlytech)
Henri Becquerel / Epluches = Henri Becquerel / Epluches
Henri Farman = Henri Farman
Henri IV = Henri IV
Herblay = Herblay
Héricy = Héricy
Hoche = Hoche
Honoré De Balzac = Honoré De Balzac
Hôpital / Hôtel de Ville = Hôpital / H. de Ville
Hôpital Avicenne = H. Avicenne
Hôpital Béclère = H. Béclère
Hôpital de Montfermeil = H. de Montfermeil
Hôpital Delafontaine = H. Delafontaine
Hôpital Jean Rostand = H. Jean Rostand
Hôpital Robert Debré = H. Robert Debré
Hôtel de Ville = Hôtel de Ville
Hôtel de Ville de Bobigny = H. de Ville de Bobigny
Hôtel de Ville de la Courneuve = H. de Ville de la Courneuve
Houdan = Houdan
Houilles - Carrières-sur-Seine = Houilles - Carr.-sur-S.
Iéna = Iéna
Igny = Igny
Inovel Parc Nord = Inovel Parc Nord
Invalides = Invalides
Isles - Armentières - Congis = Isles - Armentières - Congis
Issou - Porcheville = Issou - Porcheville
Issy = Issy
Issy - Val de Seine = Issy - Val de S.
Issy Val De Seine = Issy Val De S.
Issy-RER = Issy-RER
Ivry Sur Seine / Voltaire = Ivry Sur S. / Voltaire
Ivry-sur-Seine = Ivry-sur-Seine
Ivry-sur-Seine / Voltaire = Ivry-sur-S. / Voltaire
Ivry-sur-Seine RER = Ivry-sur-S. RER
Jacqueline Auriol = Jacq. Auriol
Jacques Prévert = J. Prévert
Jacques-Bonsergent = J.-Bonsergent
Jacques-Henri Lartigue = J.-Henri Lartigue
Jasmin = Jasmin
Jaurès = Jaurès
Javel = Javel
Javel-André-Citroen = J.-André-Citroen
Jean Jaurès = J. Jaurès
Jean Moulin = J. Moulin
Jean Rostand = J. Rostand
Jean Vilar = J. Vilar
Jean-Pierre Timbaud = J.-Pierre Timbaud
Joigny = Joigny
Joinville-le-Pont = Joinville-le-Pt
Joncherolles = Joncherolles
Jourdain = Jourdain
Jouy = Jouy
Jouy-en-Josas = Jouy-en-Josas
Jules Joffrin = J. Joffrin
Jussieu = Jussieu
Juvisy = Juvisy
Juvisy Noctilien / Marché = Juvisy Noctilien / Marché
Juvisy Pyramide = Juvisy Pyramide
Juziers = Juziers
Kléber = Kléber
Koenig = Koenig
L'Abbaye = L'Abbaye
L'Etang - Les Sablons = L'Etang - Les Sabl.
L'Étang-la-Ville = L'Étang-la-Ville
L'Île-Saint-Denis = L'Île-St-Denis
L'Isle-Adam - Parmain = L’isle Adam - Parm.
L'Onde (Maison des Arts) = L'Onde (Maison des Arts)
La Barre Ormesson = La Barre Ormesson
La Belle Epine = La Belle Epine
La Borne Blanche = La Borne Blanche
La Celle-Saint-Cloud = La Celle-St-Cloud
La Chapelle = La Chapelle
La Courneuve - 8 Mai 1945 = La Courneuve - 8 Mai 1945
La Courneuve - Aubervilliers = La Courneuve - Aubervilliers
La Courneuve - Six Routes = La Courneuve - Six Routes
La Courneuve-8-Mai-1945 = La Courneuve-8-Mai-1945
La Croix de Berny = La Croix de Berny
La Défense = La Défense
La Défense (Grande Arche) = La Défense (Grande Arche)
La Fayette - Dunkerque = La Fayette - Dunkerque
La Ferme = La Ferme
La Ferté Gaucher Centre = La Ferté Gaucher C.
La Ferté-Alais = La Ferté-Alais
La Ferté-Gaucher = La Ferté-Gaucher
La Ferté-Milon = La Ferté-Milon
La Ferté-sous-Jouarre = La Ferté-sous-Jouarre
La Fourche = La Fourche
La Fraternelle = La Fraternelle
La Frette - Montigny = La Frette - Montigny
La Galette = La Galette
La Garenne-Colombes = La Garenne-Colombes
La Grande-Paroisse = La Grande-Paroisse
La Hacquinière = La Hacquinière
La Houssaye en Brie Gare Marles en Brie = La Houssaye en Brie Gare
La Mare = La Mare
La Motte-Picquet-Grenelle = La Motte-P.-Grenelle
La Muette = La Muette
La Norville - Saint-Germain-lès-Arpajon = La Norville - St-Ger.-lès-Arpajon
La Noue = La Noue
La Passerelle = La Passerelle
La Petite Villedieu = La Petite Villedieu
La Plaine = La Plaine
La Plaine - Stade de France RER = La Plaine - St. de Fr. RER
La Plaine Stade de France - Saint-Denis - Aubervilliers = La Plaine St. de Fr. - St-Denis - Aubervill.
La Tour-Maubourg = La Tour-Maubourg
La Varenne - Chennevrières = La Varenne - Chenn.
La Verrière = La Verrière
La Verrière Gare = La Verrière Gare
La Villette Saint-Prest = La Villette St-Prest
Lacépède = Lacépède
Lagny - Thorigny = Lagny - Thorigny
Lagny Thorigny / Foch = Lagny Thorigny / Foch
Lamarck-Caulaincourt = Lamarck-Caulaincourt
Lamartine = Lamartine
Laplace = Laplace
Lardy = Lardy
Laroche - Migennes = Laroche - Migennes
Laumière = Laumière
Lavilletertre = Lavilletertre
Le Blanc-Mesnil = Le Blanc-Mesnil
Le Bourget = Le Bourget
Le Bourget RER = Le Bourget
Le Bras de Fer = Le Bras de Fer
Le Chénay Gagny = Le Chénay Gagny
Le Clos Montceleux = Le Clos Montceleux
Le Coudray-Montceaux = Le Coudray-Montceaux
Le Guichet = Le Guichet
Le Kremlin-Bicêtre = Le Kremlin-Bicêtre
Le Luth = Le Luth
Le Mée = Le Mée
Le Parc de Saint-Maur = Le Parc de St-Maur
Le Peletier = Le Peletier
Le Perray = Le Perray
Le Plessis Chenet = Le Plessis Chenet
Le Plessis-Belleville = Le Plessis-Belleville
Le Raincy - Villemomble - Montfermeil = Le Raincy - Villem. - Montf.
Le Stade = Le Stade
Le Val d'Or = Le Val d'Or
Le Vert de Maisons = Le Vert de Maisons
Le Vésinet - Le Pecq = Le Vésinet - Le Pecq
Le Vésinet-Centre = Le Vésinet-Centre
Le Village = Le Village
Ledru-Rollin = Ledru-Rollin
Léon Blum = Léon Blum
Les Agnettes = Les Agnettes
Les Ardoines = Les Ardoines
Les Baconnets = Les Baconnets
Les Béatus = Les Béatus
Les Blanches / Houilles = Les Blanches / Houilles
Les Boullereaux Champigny = Les Boullereaux Champ.
Les Bouvettes = Les Bouvettes
Les Cholettes = Les Cholettes
Les Clairières = Les Clairières
Les Clairières de Verneuil = Les Clairières de Vern.
Les Coquetiers = Les Coquetiers
Les Coteaux = Les Coteaux
Les Courtilles = Les Courtilles
Les Essarts-le-Roi = Les Essarts-le-Roi
Les Fauvelles = Les Fauvelles
Les Flanades = Les Flanades
Les Gobelins = Les Gobelins
Les Grésillons = Les Grésillons
Les Grésillons - Félix Eboué = Les Grésillons - F. Eboué
Les Halles = Les Halles
Les Matelots = Les Matelots
Les Milons = Les Milons
Les Mobiles = Les Mobiles
Les Moulineaux = Les Moulineaux
Les Moulineaux (Tramway) = Les Moulineaux (Tram)
Les Mureaux = Les Mureaux
Les Noues = Les Noues
Les Pavillons-sous-Bois = Les Pavillons-S.-Bois
Les Portes de Saint-Cyr = Les Portes de St-Cyr
Les Pyramides = Les Pyramides
Les Sablons = Les Sablons
Les Sablons (Jardin d'acclimatation) = Les Sablons (Jardin d'accl.)
Les Saules = Les Saules
Les Tilleuls = Les Tilleuls
Les Vallées = Les Vallées
Les Vignes - Boulainvilliers RER = Les Vignes - Boul.
Les Yvris Noisy-le-Grand = Les Yvris Noisy-le-Gr.
Liancourt-Saint-Pierre = Liancourt-St-Pierre
Libération = Libération
Liberté = Liberté
Liège = Liège
Lieusaint - Moissy = Lieusaint - Moissy
Limay = Limay
Lisière Pereire = Lisière Pereire
Livry-sur-Seine = Livry-sur-Seine
Lizy-sur-Ourcq = Lizy-sur-Ourcq
Lochères = Lochères
Lognes = Lognes
Longjumeau = Longjumeau
Longueville = Longueville
Louis Blanc = Louis Blanc
Louise Michel = Louise Michel
Lourmel = Lourmel
Louveciennes = Louveciennes
Louvois = Louvois
Louvre-Rivoli = Louvre-Rivoli
Louvres = Louvres
Lozère = Lozère
Luther King = Luther King
Luxembourg = Luxembourg
Luzarches = Luzarches
Lycée Henri Sellier = Lycée Henri Sellier
Lycée Professionnel du Vexin = Lycée Pro. du Vexin
M.Giraux = M.Giraux
Mabillon = Mabillon
Madeleine = Madeleine
Magenta = Magenta
Mail de la Plaine = Mail de la Plaine
Maintenon = Maintenon
Mairie = Mairie
Mairie / L'Etang la Ville = Mairie / L'Etang la Ville
Mairie / Les Noues = Mairie / Les Noues
Mairie / St-Ouen l'Aumône = Mairie / St-Ouen l'Aumône
Mairie d'Issy = Mairie d'Issy
Mairie d'Ivry = Mairie d'Ivry
Mairie de Clichy = Mairie de Clichy
Mairie de Montreuil = Mairie de Montreuil
Mairie de Montrouge = Mairie de Montrouge
Mairie de Saint-Ouen = Mairie de St-Ouen
Mairie de Vélizy = Mairie de Vélizy
Mairie de Villeneuve-la Garenne = Mairie de Vill.-la Garenne
Mairie des Lilas = Mairie des Lilas
Maison Blanche = Maison Blanche
Maison Bleue = Maison Bleue
Maison Enfance = Maison Enfance
Maisons-Alfort - Alfortville = Maisons-A. - Alfortville
Maisons-Alfort-Les Juilliottes = Maisons-A.-Les Juilliottes
Maisons-Alfort-Stade = Maisons-A.-Stade
Maisons-Laffitte = Maisons-Laffitte
Maisse = Maisse
Malakoff-Plateau de Vanves = Malakoff-Pl. de Vanves
Malakoff-Rue Etienne Dolet = Malakoff-Rue E. Dolet
Malesherbes = Malesherbes
Mantes la Jolie = Mantes la Jolie
Mantes Station = Mantes Station
Mantes-la-Jolie = Mantes-la-Jolie
Maraîchers = Maraîchers
Marcadet-Poissonniers = Marcadet-Poiss.
Marcel Sembat = Marcel Sembat
Marcel Sembat - Métro = Marcel Sembat
Marché de Saint-Denis = Marché de St-Denis
Marchezais - Broué = Marchezais - Broué
Mareil-Marly = Mareil-Marly
Mareil-sur-Mauldre = Mareil-sur-Mauldre
Mareuil-sur-Ourcq = Mareuil-sur-Ourcq
Marguerite Gilles = Marguerite Gilles
Marguilliers = Marguilliers
Marie de Miribel = Marie de Miribel
Marles-en-Brie = Marles-en-Brie
Marly-le-Roi = Marly-le-Roi
Marne-la-Vallée - Chessy = Marne-la-V. - Chessy
Marne-La-Vallée Chessy = Marne-La-V. Chessy
Marolles-en-Hurepoix = Marolles-en-Hurepoix
Marx-Dormoy = Marx-Dormoy
Maryse Bastié = Maryse Bastié
Massy - Palaiseau = Massy - Palaiseau
Massy - Verrières = Massy - Verrières
Massy Europe = Massy Europe
Maubert-Mutualité = Maubert-Mut.
Maule = Maule
Maurecourt = Maurecourt
Maurice Audin = Mau. Audin
Maurice Cayen = Mau. Cayen
Maurice Lachâtre = Mau. Lachâtre
Meaux = Meaux
Médan Les Bouvettes = Médan Les Bouv.
Melun = Melun
Ménilmontant = Ménilmontant
Mennecy = Mennecy
Mériel = Mériel
Méry-sur-Oise = Méry-sur-O.
Méry-sur-Oise / Camille Plaquet = Méry-sur-O. / C. Plaquet
Meudon = Meudon
Meudon sur-Seine = Meudon sur-Seine
Meudon Val Fleury = Meudon Val Fleury
Meudon-la-Forêt = Meudon-la-Forêt
Meulan - Hardricourt = Meulan - Hardricourt
Michel Bizot = Michel Bizot
Michel-Ange-Auteuil = M.-Ange-Auteuil
Michel-Ange-Molitor = M.-Ange-Molitor
Ministère de l'Économie et des Finances = Min. de l'Éco. et des Finances
Mirabeau = Mirabeau
Miromesnil = Miromesnil
Mitry - Claye = Mitry - Claye
Monceau = Monceau
Monnerville = Monnerville
Montargis = Montargis
Montempoivre = Montempoivre
Montereau = Montereau
Montfort-l'Amaury - Méré = Montf.-l'Amaury - Méré
Montgallet = Montgallet
Montgeron - Crosne = Montgeron - Crosne
Montgeroult - Courcelles = Montgeroult - Courcelles
Montigny - Beauchamp = Montigny - Beauch.
Montigny-sur-Loing = Montigny-sur-Loing
Montparnasse-Bienvenue = Montp.-Bienvenue
Montreuil = Montreuil
Montry - Condé = Montry - Condé
Montsoult - Maffliers = Montsoult - Maffliers
Montsouris = Montsouris
Monument aux Morts = Monument aux Morts
Moret - Veneux-les-Sablons = Moret - V.-les-Sablons
Mormant = Mormant
Mortcerf = Mortcerf
Moulin de Boissy = Moulin de Boissy
Moulin Galant = Moulin Galant
Moulin Vert = Moulin Vert
Mouroux = Mouroux
Mouton-Duvernet = Mouton-Duvernet
Musée d'Orsay = Musée d'Orsay
Musée de Sevres = Musée de Sevres
Nangis = Nangis
Nanterre - La Folie = Nanterre - La Folie
Nanterre - Préfecture = Nanterre - Préf.
Nanterre - Université = Nanterre - Univ.
Nanterre - Ville = Nanterre - Ville
Nanterre Préfecture = Nanterre Préf.
Nanterre Université = Nanterre Univ.
Nanteuil - Saâcy = Nanteuil - Saâcy
Nanteuil-le-Haudouin = Nanteuil-le-Haudouin
Nation = Nation
Nationale = Nationale
Nautis = Nautis
Nemours - Saint-Pierre = Nemours - St-Pierre
Neuilly Plaisance = Neuilly Pl.
Neuilly Porte Maillot = Neuilly Pte Maillot
Neuilly-Plaisance = Neuilly-Pl.
Neuilly-Plaisance RER = Neuilly-Pl.
Neuville Université = Neuville Université
Nézel - Aulnay = Nézel - Aulnay
Nogent - Le Perreux = Nogent - Le Perreux
Nogent-L'Artaud - Charly = Nogent-L'Artaud - Charly
Nogent-le-Perreux = Nogent-le-Perr.
Nogent-sur-Marne = Nogent-sur-M.
Nointel - Mours = Nointel - Mours
Noisiel = Noisiel
Noisy - Champs = Noisy - Champs
Noisy-le-Grand - Mont d'Est = Noisy-le-Grand - Mt. d'Est
Noisy-le-Grand Mont d'Est = Noisy-le-Grand Mt. d'Est
Noisy-le-Roi = Noisy-le-Roi
Noisy-le-Sec = Noisy-le-Sec
Notre-Dame de Lorette = Notre-Dame de Lorette
Notre-Dame des Champs = Notre-Dame des Ch.
Notre-Dame-des-Anges = Notre-Dame-des-Anges
Oberkampf = Oberkampf
Odéon = Odéon
Olympiades = Olympiades
Opéra = Opéra
Orangis Bois de l'Épine = Orangis B. de l'Épine
Orgerus - Béhoust = Orgerus - Béhoust
Orgeval Novotel Pont A13 = Orgeval Novotel Pont A13
Orly 1-2-3 = Orly 1-2-3
Orly 4 = Orly 4
Orly Ville = Orly Ville
Ormoy-Villers = Ormoy-Villers
Orry-la-Ville - Coye = Orry-la-Ville - Coye
Orsay - Ville = Orsay - Ville
Osny = Osny
Ourcq = Ourcq
Ozoir-la-Ferrière = Ozoir-la-F.
Ozoir-la-Ferrière Armainvilliers = Ozoir-la-F. Armainvilliers
Pablo Neruda = Pablo Neruda
Palais-Royal (Musée du Louvre) = Palais-Royal (M. du Louvre)
Palaiseau = Palaiseau
Palaiseau - Villebon = Palaiseau - Villebon
Pantin = Pantin
Pantin RER - Mairie = Pantin - Mairie
Parc André Malraux = Parc André Malraux
Parc de Saint-Cloud = Parc de St-Cloud
Parc de Sceaux = Parc de Sceaux
Parc des Chanteraines = Parc des Chanteraines
Parc des Expositions = Parc des Expositions
Parc du Château = Parc du Château
Parc du Tremblay = Parc du Tremblay
Parc Pierre Lagravère = Parc Pierre Lagravère
Paris Austerlitz = Paris Austerlitz
Paris Bastille = Paris Bastille
Paris Bercy Bourgogne - Pays d'Auvergne = Paris Bercy Bourg. - Pays d'Auvergne
Paris Est = Paris Est
Paris Gare de Lyon = Paris Gare de Lyon
Paris Gare du Nord = Paris Gare du Nord
Paris Montparnasse = Paris Montp.
Paris République Noctilien = Paris République Noctilien
Paris Saint-Lazare = Paris St-Lazare
Parmentier = Parmentier
Passy = Passy
Pasteur = Pasteur
Patte d'Oie = Patte d'Oie
Paul Éluard = P. Éluard
Paul Langevin = P. Langevin
Paul Painlevé / Place Gounot = P. Painlevé / Pl. Gounot
Paul Valéry = Paul Valéry
Pavé Blanc (Parc Noveos) = Pavé Blanc (Parc Noveos)
Pelleport = Pelleport
Père-Lachaise = Père-Lachaise
Pereire = Pereire
Péreire Levallois = Péreire Levallois
Pernety = Pernety
Persan - Beaumont = Persan - Beaumont
Petit Jouy Les Loges = Petit Jouy Les Loges
Petit Noisy = Petit Noisy
Petit Pierrefitte = Petit Pierrefitte
Petit Vaux = Petit Vaux
Philippe Auguste = Ph. Auguste
Picpus = Picpus
Pierre de Geyter = P. de Geyter
Pierre et Marie Curie = P. et M. Curie
Pierre Sémard - Paul Vaillant Couturier = P. Sémard - Paul V. Couturier
Pierre Sémard - Paul Vaillant Couturier / Blanc Mesnil Centre = P. Sémard - Paul V. Couturier / Blanc Mesnil Ctr.
Pierrefitte - Stains = Pierrefitte - Stains
Pierrelaye = Pierrelaye
Pigalle = Pigalle
Piscine des Sénarts / Le stade = Piscine des Sénarts / Le stade
Place Coutisson = Pl Coutisson
Place d'Italie = Pl d'Italie
Place de Clichy = Pl de Clichy
Place de la Barre = Pl de la Barre
Place de la Libération = Pl de la Libération
Place de la Logistique (Plateforme Sogaris) = Pl de la Logistique (Pltf. Sogaris)
Place des Fêtes = Pl des Fêtes
Place du 19 Mars 1962 / Drancy = Pl du 19 Mars 1962 / Drancy
Place du Général de Gaulle - Gare = Pl du Gén. de Gaulle - Gare
Place du Vexin = Pl du Vexin
Place Monge (Jardin des Plantes) = Pl Monge (Jardin des Plantes)
Place Robespierre = Pl Robespierre
Plaine Ouest / Maison Enfance = Plaine Ouest / Maison Enfance
Plaisance = Plaisance
Plaisir - Grignon = Plaisir - Grignon
Plaisir - Les Clayes = Plaisir - Les Clayes
Pointe du Lac = Pointe du Lac
Poissonnière = Poissonnière
Poissy = Poissy
Pont Cardinet = Pont Cardinet
Pont de Bezons = Pont de Bezons
Pont de Bondy = Pont de Bondy
Pont de l'Alma = Pont de l'Alma
Pont de Levallois - Bécon = Pont de Levallois - Bécon
Pont de Levallois-Bécon = Pont de Levallois-Bécon
Pont de Neuilly = Pont de Neuilly
Pont de Rungis Aéroport d'Orly = Pont de Rungis Aéro. d'Orly
Pont de Sèvres = Pont de Sèvres
Pont de Triel = Pont de Triel
Pont du Garigliano - Hôpital Européen G. Pompidou = Pont du Gari. - H. Euro. G. Pompidou
Pont du Garigliano - Hôpital Européen Georges Pompidou = Pont du Gari. - H. Euro. G. Pompidou
Pont Marie (Cité des Arts) = Pont Marie (Cité des Arts)
Pont Neuf = Pont Neuf
Pont Petit = Pont Petit
Pont Rive Droite / Conflans Fin d'Oise = Pont RD / Conf. Fin d'Oise
Pont-sur-Yonne = Pont-sur-Yonne
Ponthierry - Pringy = Ponthierry - Pringy
Pontoise = Pontoise
Porchefontaine = Porchefontaine
Porchefontaine / Octroi = Porchefontaine / Octroi
Port Royal = Port Royal
Porte d'Asnières = Pte d'Asnières
Porte d'Asnières - Marguerite Long = Pte d'Asnières - Marg. Long
Porte d'Aubervilliers = Pte d'Aubervilliers
Porte d'Auteuil = Pte d'Auteuil
Porte d'Issy = Pte d'Issy
Porte d'Italie = Pte d'Italie
Porte d'Ivry = Pte d'Ivry
Porte d'Orléans = Pte d'Orléans
Porte d'Orléans (Général Leclerc) = Pte d'Orléans (Gén. Leclerc)
Porte Dauphine - Maréchal De Lattre de Tassigny = Pte Dauphine - Mch. De Lattre de Tassigny
Porte Dauphine (Maréchal de Lattre de Tassigny) = Pte Dauphine (Mch. de Lattre de Tassigny)
Porte de Bagnolet = Pte de Bagnolet
Porte de Champerret = Pte de Champerret
Porte de Charenton = Pte de Charenton
Porte de Choisy = Pte de Choisy
Porte de Clichy = Pte de Clichy
Porte de Clichy - Tribunal de Paris = Pte de Clichy - Trb. de Paris
Porte de Clignancourt = Pte de Clignancourt
Porte de Clignancourt - Puces de Saint-Ouen = Pte de Clignancourt - Puces de St-Ouen
Porte de l'Essonne = Pte de l'Essonne
Porte de la Chapelle = Pte de la Chapelle
Porte de la Villette = Pte de la Villette
Porte de la Villette - Cité des Sciences et de l'Industrie = Pte de la Villette - Cité des Sc. et de l'Indus.
Porte de Montreuil = Pte de Montreuil
Porte de Pantin = Pte de Pantin
Porte de Pantin - Parc de la Villette = Pte de Pantin - Parc de la Villette
Porte de Paris = Pte de Paris
Porte de Paris - Stade de France = Pte de Paris - St. de Fr.
Porte de Rungis = Pte de Rungis
Porte de Saint-Cloud = Pte de St-Cloud
Porte de Saint-Ouen = Pte de St-Ouen
Porte de Thiais (Marché International) = Pte de Thiais (Marché Int.)
Porte de Vanves = Pte de Vanves
Porte de Versailles = Pte de Versailles
Porte de Versailles - Parc des Expositions = Pte de Versailles - Parc des Expo.
Porte de Vincennes = Pte de Vincennes
Porte de Vitry = Pte de Vitry
Porte des Lilas = Pte des Lilas
Porte des Matelots = Pte des Matelots
Porte Dorée = Pte Dorée
Porte Maillot = Pte Maillot
Poterne des Peupliers = Poterne des Peupliers
Poterne des Peupliers (Tramway) = Poterne des Peupliers (Tram)
Pré-Saint-Gervais = Pré-St-Gervais
Précy-sur-Oise = Précy-sur-O.
Presles - Courcelles = Presles - Courcelles
Provins = Provins
Puteaux = Puteaux
Pyramide de Brunoy = Pyramide de Brunoy
Pyramide de Juvisy = Pyramide de Juvisy
Pyramides = Pyramides
Pyramides / Lycée des Loges = Pyramides / Lycée des Loges
Pyrénées = Pyrénées
Quai de la Gare = Quai de la Gare
Quai de la Rapée = Quai de la Rapée
Quatre Septembre = Quatre Septembre
Quincy-sous-Sénart = Quincy-sous-Sénart
Radio France = Radio France
Rambouillet = Rambouillet
Rambuteau = Rambuteau
Ranelagh = Ranelagh
Raspail = Raspail
Réaumur-Sébastopol = Réaumur-Sébastopol
Remise à Jorelle = Remise à Jorelle
Rennes = Rennes
République = République
République - La Poste = République - La Poste
République - Marx Dormoy = République - Marx Dormoy
République - Vaillant Couturier = République - Vaillant Couturier
République P.V. Couturier / Trappes = République P.V. Couturier / Trappes
République P.V.Couturier = République P.V.Couturier
Reuilly-Diderot = Reuilly-Diderot
Richard-Lenoir = Richard-Lenoir
Richelieu-Drouot = Richelieu-Drouot
Riquet = Riquet
Ris-Orangis = Ris-Orangis
Robert Schuman = Robert Schuman
Robert Schuman (Parc Silic Centre) = Robert Schuman (Parc Silic Centre)
Robert Wagner = Robert Wagner
Robespierre = Robespierre
Robinson = Robinson
Roger Semât = Roger Semât
Roissy-en-Brie = Roissy-en-Brie
Roissy-en-Brie Noctilien = Roissy-en-Brie Noctilien
Roissypole - Aéroport CDG1 (B3) = Roissypole - Aéro. CDG1 (B3)
Roissypole - Aéroport CDG1 (D1) = Roissypole - Aéro. CDG1 (D1)
Romain Rolland = Romain Rolland
Rome = Rome
Rond-Point Wittlich = Rond-Point Wittlich
Rosa Parks = Rosa Parks
Rose Bertin (Centre Commercial L'Ilo) = Rose Bertin (Ctr. Com. L'Ilo)
Rosny Bois Perrier = Rosny Bois Perrier
Rosny-sous-Bois = Rosny-sous-Bois
Rosny-sous-Bois RER = Rosny-sous-Bois
Rosny-sur-Seine = Rosny-sur-Seine
Rougemont Chanteloup = Rougemont Chanteloup
Route de Verneuil = Route de Verneuil
Rue de la Pompe (Avenue Georges Mandel) = Rue de la Pompe (Av. Georges Mandel)
Rue de la Station = Rue de la Station
Rue des Boulets = Rue des Boulets
Rue des Vignes = Rue des Vignes
Rue du Bac = Rue du Bac
Rue du Puits / Le Plessis Chenet = Rue du Puits / Le Pl. Chenet
Rue Saint-Maur = Rue St-Maur
Rueil-Malmaison = Rueil-Malmaison
Rungis la Fraternelle = Rungis la Fraternelle
Saarinen (Parc Silic Nord) = Saarinen (Parc Silic Nord)
Saint Cyr = St Cyr
Saint Gratien = St Gratien
Saint-Ambroise = St-Ambroise
Saint-Augustin = St-Augustin
Saint-Chéron = St-Chéron
Saint-Cloud = St-Cloud
Saint-Cyr = St-Cyr
Saint-Denis = St-Denis
Saint-Denis - Gare = St-Denis - Gare
Saint-Denis - Porte de Paris = St-Denis - Pte de Paris
Saint-Denis-Université = St-Denis-Univ.
Saint-Exupéry = St-Exupéry
Saint-Fargeau = St-Fargeau
Saint-Fiacre = St-Fiacre
Saint-François-Xavier = St-F.-Xavier
Saint-Georges = St-Georges
Saint-Germain des Prés = St-Germain des Prés
Saint-Germain-en-Laye = St-Germain-en-Laye
Saint-Germain-en-Laye Bel-Air - Fourqueux = St-G.-en-Laye Bel-Air - Fourqueux
Saint-Germain-en-Laye Grande Ceinture = St-G.-en-Laye Gr. Ceinture
Saint-Gratien = St-Gratien
Saint-Jacques = St-Jacques
Saint-Julien du Sault = St-Julien du Sault
Saint-Lazare = St-Lazare
Saint-Leu-d'Esserent = St-Leu-d'Esserent
Saint-Leu-la-Forêt = St-Leu-la-Forêt
Saint-Mammès = St-Mammès
Saint-Mandé = St-Mandé
Saint-Marcel = St-Marcel
Saint-Martin d'Étampes = St-Martin d'Étampes
Saint-Maur - Créteil = St-Maur - Créteil
Saint-Michel = St-Michel
Saint-Michel Notre-Dame = St-Michel N.-D.
Saint-Michel-sur-Orge = St-Michel-sur-Orge
Saint-Nom-la-Bretèche Forêt de Marly = St-Nom-la-B. Forêt de Marly
Saint-Ouen = St-Ouen
Saint-Ouen-l'Aumône = St-O.-l'Aumône
Saint-Ouen-l'Aumône Liesse = St-O.-l'Aumône Liesse
Saint-Ouen-l'Aumône Quartier de l'Église = St-O.-l'Aumône Qt. de l'Église
Saint-Paul (Le Marais) = St-Paul (Le Marais)
Saint-Philippe du Roule = St-Philippe du Roule
Saint-Piat = St-Piat
Saint-Placide = St-Placide
Saint-Quentin - Gare Routière des Prés (Quai A) = St-Q. - Gare Routière des Prés (Quai A)
Saint-Quentin en Yvelines - Montigny-le-Bretonneux = St-Quentin en Y. - Montigny-le-Bretonneux
Saint-Rémy-la-Vanne = St-Rémy-la-Vanne
Saint-Rémy-lès-Chevreuse = St-Rémy-lès-Ch.
Saint-Sébastien-Froissart = St-Sébastien-Froi.
Saint-Siméon = St-Siméon
Saint-Sulpice = St-Sulpice
Sainte-Colombe Septveilles = Ste-Colombe Septveilles
Sainte-Geneviève-des-Bois = Ste-G.-des-Bois
Sannois = Sannois
Santeuil - Le Perchay = Santeuil - Le Perchay
Sarcelles - Saint-Brice = Sarcelles - St-Brice
Sartrouville = Sartrouville
Sartrouville / Stalingrad = Sartrouville / Stalingrad
Savigny le Temple Nandy = S. le Temple Nandy
Savigny-le-Temple - Nandy = S.-le-Temple - Nandy
Savigny-sur-Orge = Savigny-sur-Orge
Sceaux = Sceaux
Ségur = Ségur
Sens = Sens
Sentier = Sentier
Sermaise = Sermaise
Seugy = Seugy
Séverine = Séverine
Sevran - Livry = Sevran - Livry
Sevran Beaudottes = Sevran Beaudottes
Sèvres - Ville-d'Avray = Sèvres - Ville-d'Avray
Sèvres Rive Gauche = Sèvres RG
Sèvres Rive Gauche / Mairie = Sèvres RG / Mairie
Sèvres-Babylone = Sèvres-Babylone
Sèvres-Lecourbe = Sèvres-Lecourbe
Simplon = Simplon
Soleil Levant = Soleil Levant
Solférino = Solférino
Souppes - Château-Landon = Souppes - Château-Landon
Sport CD154 = Sport CD154
Stade / La justice = St. / La justice
Stade Charléty - Porte de Gentilly = St. Charléty - Pte de Gentilly
Stade de France Saint-Denis = St. de Fr. St-Denis
Stade Géo André = St. Géo André
Stains la Cerisaie = Stains la Cerisaie
Stalingrad = Stalingrad
Strasbourg-Saint-Denis = Stras.-St-Denis
Strathkelvin / Tarterêts = Strathkelvin / Tarterêts
Sucy - Bonneuil = Sucy - Bonneuil
Sully-Morland = Sully-Morland
Suresnes Longchamp = Suresnes Longchamp
Suresnes Mont Valérien = Suresnes Mt-Val
Survilliers - Fosses = Survilliers - Fosses
Suzanne Lenglen = Suzanne Lenglen
Suzanne Valadon = Suzanne Valadon
Tacoignières - Richebourg = Tacoignières - Richeb.
Tarterêts = Tarterêts
Taverny = Taverny
Télégraphe = Télégraphe
Temple = Temple
Ternes = Ternes
Terroirs de France = Terroirs de France
Théâtre Gérard Philipe = Théâtre G. Philipe
Thieux - Nantouillet = Thieux - Nantouillet
Thomery = Thomery
Thun le Paradis = Thun le Paradis
Timbaud = Timbaud
Tolbiac = Tolbiac
Torcy = Torcy
Tournan = Tournan
Traité de Rome = Traité de Rome
Trappes = Trappes
Trappes Yves Farges = Trappes Yves Farges
Trie-Château = Trie-Château
Triel-sur-Seine = Triel-sur-S.
Trilport = Trilport
Trinité-d'Estienne d'Orves = Trinité-d'Estienne d'O.
Trocadéro = Trocadéro
Tuileries = Tuileries
Us = Us
Vaires - Torcy = Vaires - Torcy
Val d'Argenteuil = Val d'Argenteuil
Val d'Europe = Val d'Europe
Val de Fontenay = Val de Fontenay
Vallée Goujon = Vallée Goujon
Valmondois = Valmondois
Vaneau = Vaneau
Vanves - Malakoff = Vanves - Malakoff
Varenne = Varenne
Varsovie = Varsovie
Vauban = Vauban
Vauboyen = Vauboyen
Vaucelles = Vaucelles
Vaucresson = Vaucresson
Vaugirard (Adolphe Chérioux) = Vaugirard (A. Chérioux)
Vaux-sur-Seine = Vaux-sur-Seine
Vavin = Vavin
Vélizy 2 = Vélizy 2
Verneuil Marguerite Gilles = Verneuil Marg. Gilles
Verneuil-l'Étang = Verneuil-l'Étang
Vernon - Giverny = Vernon - Giverny
Vernou-sur-Seine = Vernou-sur-Seine
Vernouillet - Verneuil = Vernouillet - Verneuil
Vernouillet Europe = Vernouillet Europe
Vernouillet Verneuil = Vernouillet Verneuil
Versailles Chantiers = Versailles Chantiers
Versailles Château Rive Gauche = Versailles Château RG
Versailles Rive Droite = Versailles RD
Vert Galant = Vert Galant
Viarmes = Viarmes
Victor Basch = Victor Basch
Victor Hugo = Victor Hugo
Victor Hugo - Henri Martin = V. Hugo - H. Martin
Victor Hugo - Jean Jaurès = V. Hugo - J. Jaurès
Vigne Blanche = Vigne Blanche
Vigneux-sur-Seine = Vigneux-sur-S.
Villabé = Villabé
Villaines = Villaines
Ville Evrard = Ville Evrard
Ville Évrard = Ville Évrard
Villejuif - Louis Aragon = Villejuif - L. Aragon
Villejuif-Léo Lagrange = Villejuif-Léo Lagrange
Villejuif-Louis Aragon = Villejuif-L. Aragon
Villejuif-Paul Vaillant Couturier (Hôpital Paul Brousse) = Villejuif-Paul V. Couturier (Hôpital Paul Brousse)
Villeneuve Prairie / Pompadour = Villeneuve Prairie / Pompadour
Villeneuve Triage = Villeneuve Triage
Villeneuve Triage / Hector Berlioz = Villeneuve Triage / H. Berlioz
Villeneuve-la-Guyard = Villeneuve-la-Guyard
Villeneuve-le-Roi = Villeneuve-le-Roi
Villeneuve-Saint-Georges = Villeneuve-St-Georges
Villeneuve-sur-Yonne = Villeneuve-sur-Yonne
Villennes-sur-Seine = Villennes-sur-Seine
Villennes-sur-Seine La Forge = Villennes-sur-Seine La Forge
Villennes-sur-Seine Place Verte = Villennes-sur-Seine Place Verte
Villeparisis - Mitry-le-Neuf = Villeparisis - Mitry-le-Neuf
Villepinte = Villepinte
Villepreux - Les Clayes = Villepreux - Les Clayes
Villetaneuse - Université = Villetaneuse - Université
Villetaneuse Université = Villetaneuse Université
Villiers = Villiers
Villiers - Neauphle - Pontchartrain = Villiers - Neauphle - Pontch.
Villiers Montbarbin = Villiers Montbarbin
Villiers-le-Bel - Gonesse - Arnouville = Villiers-le-B. - Gonesse - Arnouville
Villiers-sur-Marne - Le Plessis-Trévise = Villiers-sur-M. - Le P.-Trévise
Vincennes = Vincennes
Viroflay - Rive Droite = Viroflay - RD
Viroflay - Rive Gauche = Viroflay - RG
Viroflay Rive Droite = Viroflay RD
Viroflay Rive Gauche = Viroflay RG
Viroflay Rive Gauche / Gabriel Péri = Viroflay RG / G. Péri
Viry-Châtillon = Viry-Châtillon
Vitry-sur-Seine = Vitry-sur-S.
Volontaires = Volontaires
Voltaire (Léon Blum) = Voltaire (L. Blum)
Vosves = Vosves
Voves = Voves
Vulaines-sur-Seine - Samoreau = Vulaines-sur-S. - Samoreau
Wagram = Wagram
Yerres = Yerres
Yves Farge = Y. Farge